image,class_name,safe_class_name,split
C:\Users\felip\.cache\kagglehub\datasets\orvillethomas\dataset-for-surface-water-waste-objects\versions\1\Datasets\Bird Feathers\water-nature-bird-wing-lake-pond-swim-fish-lost-waterfowl-waters-melancholy-mourning-passed-schwimmvogel-bird-feather-1390736.jpg,Bird Feathers,Bird_Feathers,train
C:\Users\felip\.cache\kagglehub\datasets\orvillethomas\dataset-for-surface-water-waste-objects\versions\1\Datasets\Bird Feathers\Feather-1.jpg,Bird Feathers,Bird_Feathers,train
C:\Users\felip\.cache\kagglehub\datasets\orvillethomas\dataset-for-surface-water-waste-objects\versions\1\Datasets\Bird Feathers\scale_1200.jpg,Bird Feathers,Bird_Feathers,train
C:\Users\felip\.cache\kagglehub\datasets\orvillethomas\dataset-for-surface-water-waste-objects\versions\1\Datasets\Bird Feathers\feather-on-water-white-feather-floating-on-the-river-feathers.jpg,Bird Feathers,Bird_Feathers,train
C:\Users\felip\.cache\kagglehub\datasets\orvillethomas\dataset-for-surface-water-waste-objects\versions\1\Datasets\Bird Feathers\749330b8-3c18-44b8-9f7b-42367154ec20_car_202x158.jpg,Bird Feathers,Bird_Feathers,train
C:\Users\felip\.cache\kagglehub\datasets\orvillethomas\dataset-for-surface-water-waste-objects\versions\1\Datasets\Bird Feathers\9386972597_6ae4c27d3b_o_d.jpg,Bird Feathers,Bird_Feathers,train
C:\Users\felip\.cache\kagglehub\datasets\orvillethomas\dataset-for-surface-water-waste-objects\versions\1\Datasets\Bird Feathers\wet-feather-beach-white-sand-due-to-rain-54503781.jpg,Bird Feathers,Bird_Feathers,train
C:\Users\felip\.cache\kagglehub\datasets\orvillethomas\dataset-for-surface-water-waste-objects\versions\1\Datasets\Bird Feathers\single-white-bird-feather-float-air_36860-320.jpg,Bird Feathers,Bird_Feathers,train
C:\Users\felip\.cache\kagglehub\datasets\orvillethomas\dataset-for-surface-water-waste-objects\versions\1\Datasets\Bird Feathers\beautiful-bird-feather-floats-surface-water-white-contour-lake-reflected-blue-rod-slightly-curved-135096212.jpg,Bird Feathers,Bird_Feathers,train
C:\Users\felip\.cache\kagglehub\datasets\orvillethomas\dataset-for-surface-water-waste-objects\versions\1\Datasets\Bird Feathers\128308_piorko.jpg,Bird Feathers,Bird_Feathers,train
C:\Users\felip\.cache\kagglehub\datasets\orvillethomas\dataset-for-surface-water-waste-objects\versions\1\Datasets\Bird Feathers\4665748.jpg,Bird Feathers,Bird_Feathers,train
C:\Users\felip\.cache\kagglehub\datasets\orvillethomas\dataset-for-surface-water-waste-objects\versions\1\Datasets\Bird Feathers\Feather-in-a-pond.jpg,Bird Feathers,Bird_Feathers,train
C:\Users\felip\.cache\kagglehub\datasets\orvillethomas\dataset-for-surface-water-waste-objects\versions\1\Datasets\Bird Feathers\4669703.jpg,Bird Feathers,Bird_Feathers,train
C:\Users\felip\.cache\kagglehub\datasets\orvillethomas\dataset-for-surface-water-waste-objects\versions\1\Datasets\Bird Feathers\bird-feather-2620157_1920.jpg,Bird Feathers,Bird_Feathers,train
C:\Users\felip\.cache\kagglehub\datasets\orvillethomas\dataset-for-surface-water-waste-objects\versions\1\Datasets\Bird Feathers\beach-nature-sand-spring-holiday-feather-drop-of-water-sand-beach-seagull-feather-1413601.jpg,Bird Feathers,Bird_Feathers,train
C:\Users\felip\.cache\kagglehub\datasets\orvillethomas\dataset-for-surface-water-waste-objects\versions\1\Datasets\Bird Feathers\qG58Mx.jpg,Bird Feathers,Bird_Feathers,train
C:\Users\felip\.cache\kagglehub\datasets\orvillethomas\dataset-for-surface-water-waste-objects\versions\1\Datasets\Bird Feathers\173781.jpg,Bird Feathers,Bird_Feathers,train
C:\Users\felip\.cache\kagglehub\datasets\orvillethomas\dataset-for-surface-water-waste-objects\versions\1\Datasets\Bird Feathers\185227788-589cfeca3df78c4758791998.jpg,Bird Feathers,Bird_Feathers,train
C:\Users\felip\.cache\kagglehub\datasets\orvillethomas\dataset-for-surface-water-waste-objects\versions\1\Datasets\Bird Feathers\Two-Floating-Feathers.jpg,Bird Feathers,Bird_Feathers,train
C:\Users\felip\.cache\kagglehub\datasets\orvillethomas\dataset-for-surface-water-waste-objects\versions\1\Datasets\Bird Feathers\377878_main.jpg,Bird Feathers,Bird_Feathers,train
C:\Users\felip\.cache\kagglehub\datasets\orvillethomas\dataset-for-surface-water-waste-objects\versions\1\Datasets\Bird Feathers\Post 26.jpg,Bird Feathers,Bird_Feathers,train
C:\Users\felip\.cache\kagglehub\datasets\orvillethomas\dataset-for-surface-water-waste-objects\versions\1\Datasets\Bird Feathers\unnamed.jpg,Bird Feathers,Bird_Feathers,train
C:\Users\felip\.cache\kagglehub\datasets\orvillethomas\dataset-for-surface-water-waste-objects\versions\1\Datasets\Bird Feathers\image.jpg,Bird Feathers,Bird_Feathers,val
C:\Users\felip\.cache\kagglehub\datasets\orvillethomas\dataset-for-surface-water-waste-objects\versions\1\Datasets\Bird Feathers\wp4064916.jpg,Bird Feathers,Bird_Feathers,val
C:\Users\felip\.cache\kagglehub\datasets\orvillethomas\dataset-for-surface-water-waste-objects\versions\1\Datasets\Bird Feathers\photodune-2128763-feather-m.jpg,Bird Feathers,Bird_Feathers,val
C:\Users\felip\.cache\kagglehub\datasets\orvillethomas\dataset-for-surface-water-waste-objects\versions\1\Datasets\Bird Feathers\66dfc980c5364c3646e8bb87838592c3.jpg,Bird Feathers,Bird_Feathers,val
C:\Users\felip\.cache\kagglehub\datasets\orvillethomas\dataset-for-surface-water-waste-objects\versions\1\Datasets\Bird Feathers\AdobeStock_101082559.jpg,Bird Feathers,Bird_Feathers,test
C:\Users\felip\.cache\kagglehub\datasets\orvillethomas\dataset-for-surface-water-waste-objects\versions\1\Datasets\Bird Feathers\bird-feather-on-water-surface-with-free-space-for-text-G0Y4PK.jpg,Bird Feathers,Bird_Feathers,test
C:\Users\felip\.cache\kagglehub\datasets\orvillethomas\dataset-for-surface-water-waste-objects\versions\1\Datasets\Bird Feathers\pexels-photo-443907.jpg,Bird Feathers,Bird_Feathers,test
C:\Users\felip\.cache\kagglehub\datasets\orvillethomas\dataset-for-surface-water-waste-objects\versions\1\Datasets\Bird Feathers\6.jpg,Bird Feathers,Bird_Feathers,test
C:\Users\felip\.cache\kagglehub\datasets\orvillethomas\dataset-for-surface-water-waste-objects\versions\1\Datasets\Birds\567765665.jpg,Birds,Birds,train
C:\Users\felip\.cache\kagglehub\datasets\orvillethomas\dataset-for-surface-water-waste-objects\versions\1\Datasets\Birds\pigeon_birds_water_bill_drinking_66605_2560x1080.jpg,Birds,Birds,train
C:\Users\felip\.cache\kagglehub\datasets\orvillethomas\dataset-for-surface-water-waste-objects\versions\1\Datasets\Birds\4694113.jpg,Birds,Birds,train
C:\Users\felip\.cache\kagglehub\datasets\orvillethomas\dataset-for-surface-water-waste-objects\versions\1\Datasets\Birds\maxresdefault (1).jpg,Birds,Birds,train
C:\Users\felip\.cache\kagglehub\datasets\orvillethomas\dataset-for-surface-water-waste-objects\versions\1\Datasets\Birds\01770197301.jpg,Birds,Birds,train
C:\Users\felip\.cache\kagglehub\datasets\orvillethomas\dataset-for-surface-water-waste-objects\versions\1\Datasets\Birds\88499913-577e-11e7-bdda-db986087a0e9_original.jpg,Birds,Birds,train
C:\Users\felip\.cache\kagglehub\datasets\orvillethomas\dataset-for-surface-water-waste-objects\versions\1\Datasets\Birds\cc203140-46f5-11e9-ab59-b5364d72910c_original_ver-2.jpg,Birds,Birds,train
C:\Users\felip\.cache\kagglehub\datasets\orvillethomas\dataset-for-surface-water-waste-objects\versions\1\Datasets\Birds\maxresdefault.jpg,Birds,Birds,train
C:\Users\felip\.cache\kagglehub\datasets\orvillethomas\dataset-for-surface-water-waste-objects\versions\1\Datasets\Birds\8510c2cdd5746fc6091fb1e58c122f9b.jpg,Birds,Birds,train
C:\Users\felip\.cache\kagglehub\datasets\orvillethomas\dataset-for-surface-water-waste-objects\versions\1\Datasets\Birds\92eb63b6bacd80aeda500a11b46b8996.jpg,Birds,Birds,train
C:\Users\felip\.cache\kagglehub\datasets\orvillethomas\dataset-for-surface-water-waste-objects\versions\1\Datasets\Birds\b0cda5f3343f0cffe09fe221072489d8.jpg,Birds,Birds,train
C:\Users\felip\.cache\kagglehub\datasets\orvillethomas\dataset-for-surface-water-waste-objects\versions\1\Datasets\Birds\01890034501.jpg,Birds,Birds,train
"C:\Users\felip\.cache\kagglehub\datasets\orvillethomas\dataset-for-surface-water-waste-objects\versions\1\Datasets\Birds\26-8-2015 VILLALONGA RESERVOIR, VALENCIA - MOORHEN 1.jpg",Birds,Birds,train
C:\Users\felip\.cache\kagglehub\datasets\orvillethomas\dataset-for-surface-water-waste-objects\versions\1\Datasets\Birds\31.03.11._210sf.jpg,Birds,Birds,train
C:\Users\felip\.cache\kagglehub\datasets\orvillethomas\dataset-for-surface-water-waste-objects\versions\1\Datasets\Birds\1847277a862cef3017fc770c2005d64a.jpg,Birds,Birds,train
C:\Users\felip\.cache\kagglehub\datasets\orvillethomas\dataset-for-surface-water-waste-objects\versions\1\Datasets\Birds\b17maartent711.jpg,Birds,Birds,train
C:\Users\felip\.cache\kagglehub\datasets\orvillethomas\dataset-for-surface-water-waste-objects\versions\1\Datasets\Birds\og_og_1594535787239337948.jpg,Birds,Birds,train
C:\Users\felip\.cache\kagglehub\datasets\orvillethomas\dataset-for-surface-water-waste-objects\versions\1\Datasets\Birds\19.06.2015_091sf.jpg,Birds,Birds,train
C:\Users\felip\.cache\kagglehub\datasets\orvillethomas\dataset-for-surface-water-waste-objects\versions\1\Datasets\Birds\scale_1200 (1).jpg,Birds,Birds,train
C:\Users\felip\.cache\kagglehub\datasets\orvillethomas\dataset-for-surface-water-waste-objects\versions\1\Datasets\Birds\pexels-photo-322244.jpg,Birds,Birds,train
C:\Users\felip\.cache\kagglehub\datasets\orvillethomas\dataset-for-surface-water-waste-objects\versions\1\Datasets\Birds\crop.jpg,Birds,Birds,val
C:\Users\felip\.cache\kagglehub\datasets\orvillethomas\dataset-for-surface-water-waste-objects\versions\1\Datasets\Birds\scale_1200.jpg,Birds,Birds,val
C:\Users\felip\.cache\kagglehub\datasets\orvillethomas\dataset-for-surface-water-waste-objects\versions\1\Datasets\Birds\depositphotos_106727264-stock-photo-dove-sitting-on-a-log.jpg,Birds,Birds,val
C:\Users\felip\.cache\kagglehub\datasets\orvillethomas\dataset-for-surface-water-waste-objects\versions\1\Datasets\Birds\3dbb399756162e93c8f82ca109781ff1.jpg,Birds,Birds,val
C:\Users\felip\.cache\kagglehub\datasets\orvillethomas\dataset-for-surface-water-waste-objects\versions\1\Datasets\Birds\57c0fdac37f6e13ac25c193004387385.jpg,Birds,Birds,test
C:\Users\felip\.cache\kagglehub\datasets\orvillethomas\dataset-for-surface-water-waste-objects\versions\1\Datasets\Birds\b0cda5f3343f0cffe09fe221072489d8 (1).jpg,Birds,Birds,test
C:\Users\felip\.cache\kagglehub\datasets\orvillethomas\dataset-for-surface-water-waste-objects\versions\1\Datasets\Birds\dbc39201c5b833880ac72b1f69ebc6f8.jpg,Birds,Birds,test
C:\Users\felip\.cache\kagglehub\datasets\orvillethomas\dataset-for-surface-water-waste-objects\versions\1\Datasets\Birds\379bbf754275f77d874a82611ec96422.jpg,Birds,Birds,test
C:\Users\felip\.cache\kagglehub\datasets\orvillethomas\dataset-for-surface-water-waste-objects\versions\1\Datasets\Combined\leaf-leaves-pond-water.jpg,Combined,Combined,train
C:\Users\felip\.cache\kagglehub\datasets\orvillethomas\dataset-for-surface-water-waste-objects\versions\1\Datasets\Combined\plastic-waste-grameen.jpg,Combined,Combined,val
C:\Users\felip\.cache\kagglehub\datasets\orvillethomas\dataset-for-surface-water-waste-objects\versions\1\Datasets\Combined\shutterstock_1071343940.jpg,Combined,Combined,test
C:\Users\felip\.cache\kagglehub\datasets\orvillethomas\dataset-for-surface-water-waste-objects\versions\1\Datasets\Leaves\water-leaves-depth-of-field-1920x1080-34129.jpg,Leaves,Leaves,train
C:\Users\felip\.cache\kagglehub\datasets\orvillethomas\dataset-for-surface-water-waste-objects\versions\1\Datasets\Leaves\HydroRush_Day26_-Edema.jpg,Leaves,Leaves,train
C:\Users\felip\.cache\kagglehub\datasets\orvillethomas\dataset-for-surface-water-waste-objects\versions\1\Datasets\Leaves\eea7c32b49208a7e91381cc7adf729fb.jpg,Leaves,Leaves,train
C:\Users\felip\.cache\kagglehub\datasets\orvillethomas\dataset-for-surface-water-waste-objects\versions\1\Datasets\Leaves\makro-list-luzha-kapli-osen.jpg,Leaves,Leaves,train
C:\Users\felip\.cache\kagglehub\datasets\orvillethomas\dataset-for-surface-water-waste-objects\versions\1\Datasets\Leaves\61180.jpg,Leaves,Leaves,train
C:\Users\felip\.cache\kagglehub\datasets\orvillethomas\dataset-for-surface-water-waste-objects\versions\1\Datasets\Leaves\Carolyn Lehrke - Riverboat.jpg,Leaves,Leaves,train
C:\Users\felip\.cache\kagglehub\datasets\orvillethomas\dataset-for-surface-water-waste-objects\versions\1\Datasets\Leaves\lezhit-kapli-osenniy-list-voda.jpg,Leaves,Leaves,train
C:\Users\felip\.cache\kagglehub\datasets\orvillethomas\dataset-for-surface-water-waste-objects\versions\1\Datasets\Leaves\1.jpg,Leaves,Leaves,train
C:\Users\felip\.cache\kagglehub\datasets\orvillethomas\dataset-for-surface-water-waste-objects\versions\1\Datasets\Leaves\water-cold-winter-rain-leaf-fall-flower-wet-dark-reflection-splash-puddle-autumn-brown-nikon-dead-season-falling-gold-raining-fallen-damp-nikkor-shiney-watery-splashes.jpg,Leaves,Leaves,train
C:\Users\felip\.cache\kagglehub\datasets\orvillethomas\dataset-for-surface-water-waste-objects\versions\1\Datasets\Leaves\green-leaf-water-background-leaves-lake_38477-63 (1).jpg,Leaves,Leaves,train
C:\Users\felip\.cache\kagglehub\datasets\orvillethomas\dataset-for-surface-water-waste-objects\versions\1\Datasets\Leaves\h3090l_fullsize.jpg,Leaves,Leaves,train
C:\Users\felip\.cache\kagglehub\datasets\orvillethomas\dataset-for-surface-water-waste-objects\versions\1\Datasets\Leaves\drops-rain-autumn-leaves.jpg,Leaves,Leaves,train
C:\Users\felip\.cache\kagglehub\datasets\orvillethomas\dataset-for-surface-water-waste-objects\versions\1\Datasets\Leaves\leaf-3650115__340.jpg,Leaves,Leaves,train
C:\Users\felip\.cache\kagglehub\datasets\orvillethomas\dataset-for-surface-water-waste-objects\versions\1\Datasets\Leaves\109891676_a2df7306dd_b.jpg,Leaves,Leaves,train
C:\Users\felip\.cache\kagglehub\datasets\orvillethomas\dataset-for-surface-water-waste-objects\versions\1\Datasets\Leaves\318160-c23f680e8aeb5644f8d729bc5c1be1c7.jpg,Leaves,Leaves,train
C:\Users\felip\.cache\kagglehub\datasets\orvillethomas\dataset-for-surface-water-waste-objects\versions\1\Datasets\Leaves\438772_f9abaa88.jpg,Leaves,Leaves,train
C:\Users\felip\.cache\kagglehub\datasets\orvillethomas\dataset-for-surface-water-waste-objects\versions\1\Datasets\Leaves\2115.jpg,Leaves,Leaves,train
C:\Users\felip\.cache\kagglehub\datasets\orvillethomas\dataset-for-surface-water-waste-objects\versions\1\Datasets\Leaves\potato-leaf-attacked-alternaria-solani-specific-symptom-early-blight-alternaria-solanion-cultivated-potato-leaf-solanum-148379279.jpg,Leaves,Leaves,train
C:\Users\felip\.cache\kagglehub\datasets\orvillethomas\dataset-for-surface-water-waste-objects\versions\1\Datasets\Leaves\2916f0898556b7fc.jpg,Leaves,Leaves,train
C:\Users\felip\.cache\kagglehub\datasets\orvillethomas\dataset-for-surface-water-waste-objects\versions\1\Datasets\Leaves\Oomycetes15.jpg,Leaves,Leaves,train
C:\Users\felip\.cache\kagglehub\datasets\orvillethomas\dataset-for-surface-water-waste-objects\versions\1\Datasets\Leaves\scale_1200.jpg,Leaves,Leaves,train
C:\Users\felip\.cache\kagglehub\datasets\orvillethomas\dataset-for-surface-water-waste-objects\versions\1\Datasets\Leaves\leaf-floating-floating-leaf-water-wallpaper.jpg,Leaves,Leaves,val
C:\Users\felip\.cache\kagglehub\datasets\orvillethomas\dataset-for-surface-water-waste-objects\versions\1\Datasets\Leaves\water-splitting-hydrogen-fuel-sustainable-energy_1600.jpg,Leaves,Leaves,val
C:\Users\felip\.cache\kagglehub\datasets\orvillethomas\dataset-for-surface-water-waste-objects\versions\1\Datasets\Leaves\leaf_puddle_water_144848_4752x3168.jpg,Leaves,Leaves,val
C:\Users\felip\.cache\kagglehub\datasets\orvillethomas\dataset-for-surface-water-waste-objects\versions\1\Datasets\Leaves\60ea91.jpg,Leaves,Leaves,val
C:\Users\felip\.cache\kagglehub\datasets\orvillethomas\dataset-for-surface-water-waste-objects\versions\1\Datasets\Leaves\DpKPc-hWwAAXKMH.jpg,Leaves,Leaves,test
C:\Users\felip\.cache\kagglehub\datasets\orvillethomas\dataset-for-surface-water-waste-objects\versions\1\Datasets\Leaves\green-leaf-water-background-leaves-lake_38477-63.jpg,Leaves,Leaves,test
C:\Users\felip\.cache\kagglehub\datasets\orvillethomas\dataset-for-surface-water-waste-objects\versions\1\Datasets\Leaves\leaf_puddle_water_144848_4752x3168 (1).jpg,Leaves,Leaves,test
C:\Users\felip\.cache\kagglehub\datasets\orvillethomas\dataset-for-surface-water-waste-objects\versions\1\Datasets\Leaves\584212_listya_luja_osen_kaplya_voda_6184x4096_www.Gde-Fon.com.jpg,Leaves,Leaves,test
C:\Users\felip\.cache\kagglehub\datasets\orvillethomas\dataset-for-surface-water-waste-objects\versions\1\Datasets\Plastic Bags\credit_richard-carey_adobestock_1.jpg,Plastic Bags,Plastic_Bags,train
C:\Users\felip\.cache\kagglehub\datasets\orvillethomas\dataset-for-surface-water-waste-objects\versions\1\Datasets\Plastic Bags\plastic-bag-in-the-wind-scaled.jpg,Plastic Bags,Plastic_Bags,train
C:\Users\felip\.cache\kagglehub\datasets\orvillethomas\dataset-for-surface-water-waste-objects\versions\1\Datasets\Plastic Bags\1 (1).jpg,Plastic Bags,Plastic_Bags,train
C:\Users\felip\.cache\kagglehub\datasets\orvillethomas\dataset-for-surface-water-waste-objects\versions\1\Datasets\Plastic Bags\thinkstockphotos-178012846.jpg,Plastic Bags,Plastic_Bags,train
C:\Users\felip\.cache\kagglehub\datasets\orvillethomas\dataset-for-surface-water-waste-objects\versions\1\Datasets\Plastic Bags\h_01082206.jpg,Plastic Bags,Plastic_Bags,train
C:\Users\felip\.cache\kagglehub\datasets\orvillethomas\dataset-for-surface-water-waste-objects\versions\1\Datasets\Plastic Bags\EaAEnovXYAEFIHC.jpg,Plastic Bags,Plastic_Bags,train
C:\Users\felip\.cache\kagglehub\datasets\orvillethomas\dataset-for-surface-water-waste-objects\versions\1\Datasets\Plastic Bags\OCNs3_287424425_2400-e1572850468730.jpg,Plastic Bags,Plastic_Bags,train
C:\Users\felip\.cache\kagglehub\datasets\orvillethomas\dataset-for-surface-water-waste-objects\versions\1\Datasets\Plastic Bags\1.jpg,Plastic Bags,Plastic_Bags,train
C:\Users\felip\.cache\kagglehub\datasets\orvillethomas\dataset-for-surface-water-waste-objects\versions\1\Datasets\Plastic Bags\shutterstock_1120821914.jpg,Plastic Bags,Plastic_Bags,train
C:\Users\felip\.cache\kagglehub\datasets\orvillethomas\dataset-for-surface-water-waste-objects\versions\1\Datasets\Plastic Bags\3866-657e-4349-84ef-e7e6a1b96924.jpg,Plastic Bags,Plastic_Bags,train
C:\Users\felip\.cache\kagglehub\datasets\orvillethomas\dataset-for-surface-water-waste-objects\versions\1\Datasets\Plastic Bags\1000_545_1477922352-5428-paketyi.jpg,Plastic Bags,Plastic_Bags,train
C:\Users\felip\.cache\kagglehub\datasets\orvillethomas\dataset-for-surface-water-waste-objects\versions\1\Datasets\Plastic Bags\Litter pic for May-min.jpg,Plastic Bags,Plastic_Bags,train
C:\Users\felip\.cache\kagglehub\datasets\orvillethomas\dataset-for-surface-water-waste-objects\versions\1\Datasets\Plastic Bags\pic_20171017151517_e502204564.jpg,Plastic Bags,Plastic_Bags,train
C:\Users\felip\.cache\kagglehub\datasets\orvillethomas\dataset-for-surface-water-waste-objects\versions\1\Datasets\Plastic Bags\157152_web (1).jpg,Plastic Bags,Plastic_Bags,train
C:\Users\felip\.cache\kagglehub\datasets\orvillethomas\dataset-for-surface-water-waste-objects\versions\1\Datasets\Plastic Bags\157152_web.jpg,Plastic Bags,Plastic_Bags,train
C:\Users\felip\.cache\kagglehub\datasets\orvillethomas\dataset-for-surface-water-waste-objects\versions\1\Datasets\Plastic Bags\RESIZEDfloating_plastic.jpg,Plastic Bags,Plastic_Bags,train
C:\Users\felip\.cache\kagglehub\datasets\orvillethomas\dataset-for-surface-water-waste-objects\versions\1\Datasets\Plastic Bags\plastic-bag-plastic-shopping-bag-recycling-paper-png-clipart-plastic-shopping-bag-png-728_639.jpg,Plastic Bags,Plastic_Bags,train
C:\Users\felip\.cache\kagglehub\datasets\orvillethomas\dataset-for-surface-water-waste-objects\versions\1\Datasets\Plastic Bags\riciclo-della-plastica-importante-960x634.jpg,Plastic Bags,Plastic_Bags,val
C:\Users\felip\.cache\kagglehub\datasets\orvillethomas\dataset-for-surface-water-waste-objects\versions\1\Datasets\Plastic Bags\Plastic-Effects-on-Oceans.jpg,Plastic Bags,Plastic_Bags,val
C:\Users\felip\.cache\kagglehub\datasets\orvillethomas\dataset-for-surface-water-waste-objects\versions\1\Datasets\Plastic Bags\water-contaminants.jpg,Plastic Bags,Plastic_Bags,val
C:\Users\felip\.cache\kagglehub\datasets\orvillethomas\dataset-for-surface-water-waste-objects\versions\1\Datasets\Plastic Bags\9843-10629.jpg,Plastic Bags,Plastic_Bags,val
C:\Users\felip\.cache\kagglehub\datasets\orvillethomas\dataset-for-surface-water-waste-objects\versions\1\Datasets\Plastic Bags\Ebyf1kxUEAEXB40.jpg,Plastic Bags,Plastic_Bags,test
C:\Users\felip\.cache\kagglehub\datasets\orvillethomas\dataset-for-surface-water-waste-objects\versions\1\Datasets\Plastic Bags\og_og_1596353011252967911.jpg,Plastic Bags,Plastic_Bags,test
C:\Users\felip\.cache\kagglehub\datasets\orvillethomas\dataset-for-surface-water-waste-objects\versions\1\Datasets\Plastic Bags\Plastic_in_sea_2.jpg,Plastic Bags,Plastic_Bags,test
C:\Users\felip\.cache\kagglehub\datasets\orvillethomas\dataset-for-surface-water-waste-objects\versions\1\Datasets\Plastic Bags\86cc24a2b1.jpg,Plastic Bags,Plastic_Bags,test
C:\Users\felip\.cache\kagglehub\datasets\orvillethomas\dataset-for-surface-water-waste-objects\versions\1\Datasets\Plastic Straws\DFHwFPWUIAAQ5aV.jpg,Plastic Straws,Plastic_Straws,train
C:\Users\felip\.cache\kagglehub\datasets\orvillethomas\dataset-for-surface-water-waste-objects\versions\1\Datasets\Plastic Straws\Plastics.jpg,Plastic Straws,Plastic_Straws,train
C:\Users\felip\.cache\kagglehub\datasets\orvillethomas\dataset-for-surface-water-waste-objects\versions\1\Datasets\Plastic Straws\1263540856_7390ee75d1_b.jpg,Plastic Straws,Plastic_Straws,train
C:\Users\felip\.cache\kagglehub\datasets\orvillethomas\dataset-for-surface-water-waste-objects\versions\1\Datasets\Plastic Straws\SSImg1038x450strawtrash.jpg,Plastic Straws,Plastic_Straws,train
C:\Users\felip\.cache\kagglehub\datasets\orvillethomas\dataset-for-surface-water-waste-objects\versions\1\Datasets\Plastic Straws\la-1531259439-7648hapl29-snap-image.jpg,Plastic Straws,Plastic_Straws,train
C:\Users\felip\.cache\kagglehub\datasets\orvillethomas\dataset-for-surface-water-waste-objects\versions\1\Datasets\Plastic Straws\img_2822-photo-by-liesl-clark.jpg,Plastic Straws,Plastic_Straws,train
C:\Users\felip\.cache\kagglehub\datasets\orvillethomas\dataset-for-surface-water-waste-objects\versions\1\Datasets\Plastic Straws\maxresdefault1.jpg,Plastic Straws,Plastic_Straws,train
C:\Users\felip\.cache\kagglehub\datasets\orvillethomas\dataset-for-surface-water-waste-objects\versions\1\Datasets\Plastic Straws\1280px-single_use_plastic_straw.jpg,Plastic Straws,Plastic_Straws,train
C:\Users\felip\.cache\kagglehub\datasets\orvillethomas\dataset-for-surface-water-waste-objects\versions\1\Datasets\Plastic Straws\straws-public-domain.jpg,Plastic Straws,Plastic_Straws,train
C:\Users\felip\.cache\kagglehub\datasets\orvillethomas\dataset-for-surface-water-waste-objects\versions\1\Datasets\Plastic Straws\brian-yurasits-WBXdff-4eG8-unsplash-600x396.jpg,Plastic Straws,Plastic_Straws,train
C:\Users\felip\.cache\kagglehub\datasets\orvillethomas\dataset-for-surface-water-waste-objects\versions\1\Datasets\Plastic Straws\1423947_straws-newyork-3ac973dc-68e5-11e8-bea7-c8eb28bc52b1.jpg,Plastic Straws,Plastic_Straws,train
C:\Users\felip\.cache\kagglehub\datasets\orvillethomas\dataset-for-surface-water-waste-objects\versions\1\Datasets\Plastic Straws\LOLISTRAW_2_1600pix.jpg,Plastic Straws,Plastic_Straws,train
C:\Users\felip\.cache\kagglehub\datasets\orvillethomas\dataset-for-surface-water-waste-objects\versions\1\Datasets\Plastic Straws\pengganti-sedotan-plastik.jpg,Plastic Straws,Plastic_Straws,train
C:\Users\felip\.cache\kagglehub\datasets\orvillethomas\dataset-for-surface-water-waste-objects\versions\1\Datasets\Plastic Straws\16580490161_8fef38ef43_o_drinking-straw.jpg,Plastic Straws,Plastic_Straws,train
C:\Users\felip\.cache\kagglehub\datasets\orvillethomas\dataset-for-surface-water-waste-objects\versions\1\Datasets\Plastic Straws\43301761361_5c511ec992_b.jpg,Plastic Straws,Plastic_Straws,train
C:\Users\felip\.cache\kagglehub\datasets\orvillethomas\dataset-for-surface-water-waste-objects\versions\1\Datasets\Plastic Straws\straws.jpg,Plastic Straws,Plastic_Straws,train
C:\Users\felip\.cache\kagglehub\datasets\orvillethomas\dataset-for-surface-water-waste-objects\versions\1\Datasets\Plastic Straws\Screen-Shot-2018-06-03-at-9.56.31-AM.jpg,Plastic Straws,Plastic_Straws,val
C:\Users\felip\.cache\kagglehub\datasets\orvillethomas\dataset-for-surface-water-waste-objects\versions\1\Datasets\Plastic Straws\Straw.jpg,Plastic Straws,Plastic_Straws,val
C:\Users\felip\.cache\kagglehub\datasets\orvillethomas\dataset-for-surface-water-waste-objects\versions\1\Datasets\Plastic Straws\swimming-pool-colorful-swim-noodles-floating-water-summer-vibes-holiday-fun-rainbow-coloured-pool-noodles-154729934.jpg,Plastic Straws,Plastic_Straws,val
C:\Users\felip\.cache\kagglehub\datasets\orvillethomas\dataset-for-surface-water-waste-objects\versions\1\Datasets\Plastic Straws\dancing-drops-purple-blue-yellow-and-brown-plastic-straw-wallpaper-preview.jpg,Plastic Straws,Plastic_Straws,val
C:\Users\felip\.cache\kagglehub\datasets\orvillethomas\dataset-for-surface-water-waste-objects\versions\1\Datasets\Plastic Straws\img_4101.jpg,Plastic Straws,Plastic_Straws,test
C:\Users\felip\.cache\kagglehub\datasets\orvillethomas\dataset-for-surface-water-waste-objects\versions\1\Datasets\Plastic Straws\nintchdbpict000399767746.jpg,Plastic Straws,Plastic_Straws,test
C:\Users\felip\.cache\kagglehub\datasets\orvillethomas\dataset-for-surface-water-waste-objects\versions\1\Datasets\Plastic Straws\stop-using-plastic-straws-stop-plastic-pollution-on-sea-the-refusal-of-disposable-plastic-drinking-straws-R74CG3.jpg,Plastic Straws,Plastic_Straws,test
C:\Users\felip\.cache\kagglehub\datasets\orvillethomas\dataset-for-surface-water-waste-objects\versions\1\Datasets\Plastic Straws\d0bd9d70-defc-4c6b-8646-ff101b65c2a6_1.a9a691e9d2bd260c78fc2677737446c8.jpg,Plastic Straws,Plastic_Straws,test
C:\Users\felip\.cache\kagglehub\datasets\orvillethomas\dataset-for-surface-water-waste-objects\versions\1\Datasets\Plastic Water Bottle\The-Story-of-Plastic-1.jpg,Plastic Water Bottle,Plastic_Water_Bottle,train
C:\Users\felip\.cache\kagglehub\datasets\orvillethomas\dataset-for-surface-water-waste-objects\versions\1\Datasets\Plastic Water Bottle\getproknowledge.jpg,Plastic Water Bottle,Plastic_Water_Bottle,train
C:\Users\felip\.cache\kagglehub\datasets\orvillethomas\dataset-for-surface-water-waste-objects\versions\1\Datasets\Plastic Water Bottle\plastic-water-bottle-2.jpg,Plastic Water Bottle,Plastic_Water_Bottle,train
C:\Users\felip\.cache\kagglehub\datasets\orvillethomas\dataset-for-surface-water-waste-objects\versions\1\Datasets\Plastic Water Bottle\oxygreen-types-of-biodegradable-plastics-part-2.jpg,Plastic Water Bottle,Plastic_Water_Bottle,train
C:\Users\felip\.cache\kagglehub\datasets\orvillethomas\dataset-for-surface-water-waste-objects\versions\1\Datasets\Plastic Water Bottle\depositphotos_52683743-stock-photo-bottle-of-water.jpg,Plastic Water Bottle,Plastic_Water_Bottle,train
C:\Users\felip\.cache\kagglehub\datasets\orvillethomas\dataset-for-surface-water-waste-objects\versions\1\Datasets\Plastic Water Bottle\depositphotos_6038254-stock-photo-water-bottle-on-grass.jpg,Plastic Water Bottle,Plastic_Water_Bottle,train
C:\Users\felip\.cache\kagglehub\datasets\orvillethomas\dataset-for-surface-water-waste-objects\versions\1\Datasets\Plastic Water Bottle\waste-plastic.jpg,Plastic Water Bottle,Plastic_Water_Bottle,train
C:\Users\felip\.cache\kagglehub\datasets\orvillethomas\dataset-for-surface-water-waste-objects\versions\1\Datasets\Plastic Water Bottle\plastic-water-bottle-floating-water-men-s-hands-picking-up-plastic-awareness-plastic-pollution-water-concept-144010588.jpg,Plastic Water Bottle,Plastic_Water_Bottle,train
C:\Users\felip\.cache\kagglehub\datasets\orvillethomas\dataset-for-surface-water-waste-objects\versions\1\Datasets\Plastic Water Bottle\EBF7E452-D110-4164-B41D-01D460E75198.jpg,Plastic Water Bottle,Plastic_Water_Bottle,train
C:\Users\felip\.cache\kagglehub\datasets\orvillethomas\dataset-for-surface-water-waste-objects\versions\1\Datasets\Plastic Water Bottle\11.jpg,Plastic Water Bottle,Plastic_Water_Bottle,train
C:\Users\felip\.cache\kagglehub\datasets\orvillethomas\dataset-for-surface-water-waste-objects\versions\1\Datasets\Plastic Water Bottle\brian-yurasits-y8k-dMPNWNI-unsplash-1.jpg,Plastic Water Bottle,Plastic_Water_Bottle,train
C:\Users\felip\.cache\kagglehub\datasets\orvillethomas\dataset-for-surface-water-waste-objects\versions\1\Datasets\Plastic Water Bottle\maxresdefault.jpg,Plastic Water Bottle,Plastic_Water_Bottle,train
C:\Users\felip\.cache\kagglehub\datasets\orvillethomas\dataset-for-surface-water-waste-objects\versions\1\Datasets\Plastic Water Bottle\close-up-clear-plastic-bottle-water-drink-green-cap-road-park-blurred-background-trash-left-172660443.jpg,Plastic Water Bottle,Plastic_Water_Bottle,train
C:\Users\felip\.cache\kagglehub\datasets\orvillethomas\dataset-for-surface-water-waste-objects\versions\1\Datasets\Plastic Water Bottle\ed6f0224-gettyimages-1087470182-e1558348863409.jpg,Plastic Water Bottle,Plastic_Water_Bottle,train
C:\Users\felip\.cache\kagglehub\datasets\orvillethomas\dataset-for-surface-water-waste-objects\versions\1\Datasets\Plastic Water Bottle\DQRxAZqW0AIn8bv.jpg,Plastic Water Bottle,Plastic_Water_Bottle,train
C:\Users\felip\.cache\kagglehub\datasets\orvillethomas\dataset-for-surface-water-waste-objects\versions\1\Datasets\Plastic Water Bottle\plastic-bottles-floating.jpg,Plastic Water Bottle,Plastic_Water_Bottle,train
C:\Users\felip\.cache\kagglehub\datasets\orvillethomas\dataset-for-surface-water-waste-objects\versions\1\Datasets\Plastic Water Bottle\129369919.jpg,Plastic Water Bottle,Plastic_Water_Bottle,train
C:\Users\felip\.cache\kagglehub\datasets\orvillethomas\dataset-for-surface-water-waste-objects\versions\1\Datasets\Plastic Water Bottle\58ebf19e16000020004d9c57.jpg,Plastic Water Bottle,Plastic_Water_Bottle,train
C:\Users\felip\.cache\kagglehub\datasets\orvillethomas\dataset-for-surface-water-waste-objects\versions\1\Datasets\Plastic Water Bottle\post-29-copyright.jpg,Plastic Water Bottle,Plastic_Water_Bottle,train
C:\Users\felip\.cache\kagglehub\datasets\orvillethomas\dataset-for-surface-water-waste-objects\versions\1\Datasets\Plastic Water Bottle\75541.jpg,Plastic Water Bottle,Plastic_Water_Bottle,train
C:\Users\felip\.cache\kagglehub\datasets\orvillethomas\dataset-for-surface-water-waste-objects\versions\1\Datasets\Plastic Water Bottle\plastic-bottle.jpg,Plastic Water Bottle,Plastic_Water_Bottle,train
C:\Users\felip\.cache\kagglehub\datasets\orvillethomas\dataset-for-surface-water-waste-objects\versions\1\Datasets\Plastic Water Bottle\shutterstock_1281417043.jpg,Plastic Water Bottle,Plastic_Water_Bottle,train
C:\Users\felip\.cache\kagglehub\datasets\orvillethomas\dataset-for-surface-water-waste-objects\versions\1\Datasets\Plastic Water Bottle\plastic-bottles-and-rubbish-trash-floating-in-the-sea-maldives-A5KXG3.jpg,Plastic Water Bottle,Plastic_Water_Bottle,val
C:\Users\felip\.cache\kagglehub\datasets\orvillethomas\dataset-for-surface-water-waste-objects\versions\1\Datasets\Plastic Water Bottle\pexels-photo-2409022.jpg,Plastic Water Bottle,Plastic_Water_Bottle,val
C:\Users\felip\.cache\kagglehub\datasets\orvillethomas\dataset-for-surface-water-waste-objects\versions\1\Datasets\Plastic Water Bottle\YVzdgjKaCqDQYuSdLbdEUsmc.jpg,Plastic Water Bottle,Plastic_Water_Bottle,val
C:\Users\felip\.cache\kagglehub\datasets\orvillethomas\dataset-for-surface-water-waste-objects\versions\1\Datasets\Plastic Water Bottle\Plastic Bottle_web.jpg,Plastic Water Bottle,Plastic_Water_Bottle,val
C:\Users\felip\.cache\kagglehub\datasets\orvillethomas\dataset-for-surface-water-waste-objects\versions\1\Datasets\Plastic Water Bottle\Depositphotos_12187875_xl-2015-compressor.jpg,Plastic Water Bottle,Plastic_Water_Bottle,val
C:\Users\felip\.cache\kagglehub\datasets\orvillethomas\dataset-for-surface-water-waste-objects\versions\1\Datasets\Plastic Water Bottle\depositphotos_6038400-stock-photo-water-bottle-on-grass.jpg,Plastic Water Bottle,Plastic_Water_Bottle,test
C:\Users\felip\.cache\kagglehub\datasets\orvillethomas\dataset-for-surface-water-waste-objects\versions\1\Datasets\Plastic Water Bottle\floating-plastic.jpg,Plastic Water Bottle,Plastic_Water_Bottle,test
C:\Users\felip\.cache\kagglehub\datasets\orvillethomas\dataset-for-surface-water-waste-objects\versions\1\Datasets\Plastic Water Bottle\stream_img.jpg,Plastic Water Bottle,Plastic_Water_Bottle,test
C:\Users\felip\.cache\kagglehub\datasets\orvillethomas\dataset-for-surface-water-waste-objects\versions\1\Datasets\Plastic Water Bottle\photo-1550505095-81378a674395.jpg,Plastic Water Bottle,Plastic_Water_Bottle,test
C:\Users\felip\.cache\kagglehub\datasets\orvillethomas\dataset-for-surface-water-waste-objects\versions\1\Datasets\Plastic Water Bottle\Ddpusq2VQAE_nw3.jpg,Plastic Water Bottle,Plastic_Water_Bottle,test
